timestamp,ancla,rssi,piso,departamento,habitacion,area
2024-11-21 10:28:34,1,169,1,As,1,0
2024-11-21 10:28:34,1,168,1,As,1,0
2024-11-21 10:28:34,5,173,1,As,1,0
2024-11-21 10:28:34,5,168,1,As,1,0
2024-11-21 10:28:34,2,171,1,As,1,0
2024-11-21 10:28:34,1,172,1,As,1,0
2024-11-21 10:28:34,5,175,1,As,1,0
2024-11-21 10:28:34,5,174,1,As,1,0
2024-11-21 10:28:34,5,175,1,As,1,0
2024-11-21 10:28:34,5,175,1,As,1,0
2024-11-21 10:28:34,5,191,1,As,1,0
2024-11-21 10:28:34,5,176,1,As,1,0
2024-11-21 10:28:34,5,191,1,As,1,0
2024-11-21 10:28:34,5,188,1,As,1,0
2024-11-21 10:28:34,3,169,1,As,1,0
2024-11-21 10:28:34,2,180,1,As,1,0
2024-11-21 10:28:34,1,167,1,As,1,0
2024-11-21 10:28:34,5,183,1,As,1,0
2024-11-21 10:28:34,3,171,1,As,1,0
2024-11-21 10:28:34,4,177,1,As,1,0
2024-11-21 10:28:34,3,170,1,As,1,0
2024-11-21 10:28:34,2,167,1,As,1,0
2024-11-21 10:28:34,5,177,1,As,1,0
2024-11-21 10:28:34,5,196,1,As,1,0
2024-11-21 10:28:34,4,169,1,As,1,0
2024-11-21 10:28:34,2,183,1,As,1,0
2024-11-21 10:28:34,1,166,1,As,1,0
2024-11-21 10:28:34,5,185,1,As,1,0
2024-11-21 10:28:34,4,170,1,As,1,0
2024-11-21 10:28:34,3,171,1,As,1,0
2024-11-21 10:28:34,2,200,1,As,1,0
2024-11-21 10:28:34,5,173,1,As,1,0
2024-11-21 10:28:34,5,175,1,As,1,0
2024-11-21 10:28:34,1,178,1,As,1,0
2024-11-21 10:28:34,5,172,1,As,1,0
2024-11-21 10:28:34,5,169,1,As,1,0
2024-11-21 10:28:34,5,192,1,As,1,0
2024-11-21 10:28:34,5,180,1,As,1,0
2024-11-21 10:28:34,4,164,1,As,1,0
2024-11-21 10:28:34,1,170,1,As,1,0
2024-11-21 10:28:34,5,175,1,As,1,0
2024-11-21 10:28:34,5,180,1,As,1,0
2024-11-21 10:28:34,4,164,1,As,1,0
2024-11-21 10:28:34,3,167,1,As,1,0
2024-11-21 10:28:34,2,181,1,As,1,0
2024-11-21 10:28:34,1,164,1,As,1,0
2024-11-21 10:28:34,5,184,1,As,1,0
2024-11-21 10:28:34,4,164,1,As,1,0
2024-11-21 10:28:34,3,170,1,As,1,0
2024-11-21 10:28:34,2,176,1,As,1,0
2024-11-21 10:28:34,1,170,1,As,1,0
2024-11-21 10:28:34,5,185,1,As,1,0
2024-11-21 10:28:34,5,184,1,As,1,0
2024-11-21 10:28:34,4,164,1,As,1,0
2024-11-21 10:28:34,3,169,1,As,1,0
2024-11-21 10:28:34,2,176,1,As,1,0
2024-11-21 10:28:34,1,168,1,As,1,0
2024-11-21 10:28:34,5,180,1,As,1,0
2024-11-21 10:28:34,4,163,1,As,1,0
2024-11-21 10:28:34,3,170,1,As,1,0
2024-11-21 10:28:34,2,177,1,As,1,0
2024-11-21 10:28:34,1,168,1,As,1,0
2024-11-21 10:28:34,5,182,1,As,1,0
2024-11-21 10:28:34,5,177,1,As,1,0
2024-11-21 10:28:34,5,184,1,As,1,0
2024-11-21 10:28:34,5,184,1,As,1,0
2024-11-21 10:28:34,5,184,1,As,1,0
2024-11-21 10:28:34,5,185,1,As,1,0
2024-11-21 10:28:34,5,183,1,As,1,0
2024-11-21 10:28:34,4,164,1,As,1,0
2024-11-21 10:28:34,3,170,1,As,1,0
2024-11-21 10:28:34,5,185,1,As,1,0
2024-11-21 10:28:34,5,185,1,As,1,0
2024-11-21 10:28:34,4,167,1,As,1,0
2024-11-21 10:28:34,3,170,1,As,1,0
2024-11-21 10:28:34,2,180,1,As,1,0
2024-11-21 10:28:34,1,168,1,As,1,0
2024-11-21 10:28:34,5,185,1,As,1,0
2024-11-21 10:28:39,5,185,1,As,1,0
2024-11-21 10:28:49,5,183,1,As,1,0
2024-11-21 10:28:58,5,185,1,As,1,0
2024-11-21 10:29:04,4,166,1,As,1,0
2024-11-21 10:29:11,3,171,1,As,1,0
2024-11-21 10:29:17,2,178,1,As,1,0
2024-11-21 10:29:23,5,184,1,As,1,0
2024-11-21 10:29:32,5,185,1,As,1,0
2024-11-21 10:29:39,4,167,1,As,1,0
2024-11-21 10:29:45,3,170,1,As,1,0
2024-11-21 10:29:51,2,177,1,As,1,0
2024-11-21 10:29:58,1,168,1,As,1,0
2024-11-21 10:30:04,5,184,1,As,1,0
2024-11-21 10:30:14,5,185,1,As,1,0
2024-11-21 10:30:23,5,185,1,As,1,0
2024-11-21 10:30:32,5,185,1,As,1,0
2024-11-21 10:30:41,5,185,1,As,1,0
2024-11-21 10:30:48,4,163,1,As,1,0
2024-11-21 10:30:54,3,168,1,As,1,0
2024-11-21 10:31:00,2,172,1,As,1,0
2024-11-21 10:31:07,1,169,1,As,1,0
2024-11-21 10:31:13,5,186,1,As,1,0
2024-11-21 10:31:20,4,168,1,As,1,0
2024-11-21 10:31:26,3,169,1,As,1,0
2024-11-21 10:31:33,2,177,1,As,1,0
2024-11-21 10:31:39,5,185,1,As,1,0
2024-11-21 10:31:45,4,164,1,As,1,0
2024-11-21 10:31:52,3,169,1,As,1,0
2024-11-21 10:31:58,2,175,1,As,1,0
2024-11-21 10:32:05,1,170,1,As,1,0
2024-11-21 10:32:11,5,184,1,As,1,0
2024-11-21 10:32:18,4,164,1,As,1,0
2024-11-21 10:32:23,2,176,1,As,1,0
2024-11-21 10:32:30,1,167,1,As,1,0
2024-11-21 10:32:36,5,185,1,As,1,0
2024-11-21 10:32:43,4,164,1,As,1,0
2024-11-21 10:32:49,3,166,1,As,1,0
2024-11-21 10:32:55,2,177,1,As,1,0
2024-11-21 10:33:02,1,164,1,As,1,0
2024-11-21 10:33:08,5,185,1,As,1,0
2024-11-21 10:33:15,4,163,1,As,1,0
2024-11-21 10:33:21,3,166,1,As,1,0
2024-11-21 10:33:27,2,174,1,As,1,0
2024-11-21 10:33:34,1,164,1,As,1,0
2024-11-21 10:33:40,5,183,1,As,1,0
2024-11-21 10:33:50,5,186,1,As,1,0
2024-11-21 10:33:56,4,164,1,As,1,0
2024-11-21 10:34:02,2,175,1,As,1,0
2024-11-21 10:34:11,2,176,1,As,1,0
2024-11-21 10:34:18,1,164,1,As,1,0
2024-11-21 10:34:24,5,184,1,As,1,0
2024-11-21 10:34:31,4,164,1,As,1,0
2024-11-21 10:34:36,2,175,1,As,1,0
2024-11-21 10:34:43,1,165,1,As,1,0
2024-11-21 10:34:49,5,185,1,As,1,0
2024-11-21 10:34:59,5,185,1,As,1,0
2024-11-21 10:35:08,5,184,1,As,1,0
2024-11-21 10:35:15,4,164,1,As,1,0
2024-11-21 10:35:21,3,167,1,As,1,0
2024-11-21 10:35:27,2,176,1,As,1,0
2024-11-21 10:35:36,2,175,1,As,1,0
2024-11-21 10:35:43,1,164,1,As,1,0
2024-11-21 10:35:49,5,185,1,As,1,0
2024-11-21 10:35:56,4,164,1,As,1,0
2024-11-21 10:36:02,3,167,1,As,1,0
2024-11-21 10:36:08,2,176,1,As,1,0
2024-11-21 10:36:15,1,165,1,As,1,0
2024-11-21 10:36:21,5,183,1,As,1,0
2024-11-21 10:36:31,5,188,1,As,1,0
2024-11-21 10:36:37,4,164,1,As,1,0
2024-11-21 10:36:43,3,165,1,As,1,0
2024-11-21 10:36:50,2,181,1,As,1,0
2024-11-21 10:36:56,1,165,1,As,1,0
2024-11-21 10:37:03,5,189,1,As,1,0
2024-11-21 10:37:09,4,164,1,As,1,0
2024-11-21 10:37:15,2,176,1,As,1,0
2024-11-21 10:37:24,2,177,1,As,1,0
2024-11-21 10:37:31,1,167,1,As,1,0
2024-11-21 10:37:37,5,187,1,As,1,0
2024-11-21 10:37:44,4,164,1,As,1,0
2024-11-21 10:37:50,3,166,1,As,1,0
2024-11-21 10:37:56,2,176,1,As,1,0
2024-11-21 10:38:03,1,166,1,As,1,0
2024-11-21 10:38:09,5,183,1,As,1,0
2024-11-21 10:38:16,4,166,1,As,1,0
2024-11-21 10:38:22,3,169,1,As,1,0
2024-11-21 10:38:28,2,176,1,As,1,0
2024-11-21 10:38:35,1,166,1,As,1,0
2024-11-21 10:39:43,5,183,1,As,1,0
2024-11-21 10:39:43,4,166,1,As,1,0
2024-11-21 10:39:43,3,169,1,As,1,0
2024-11-21 10:39:43,2,176,1,As,1,0
2024-11-21 10:39:43,1,168,1,As,1,0
2024-11-21 10:39:43,5,182,1,As,1,0
2024-11-21 10:39:43,4,164,1,As,1,0
2024-11-21 10:39:43,3,169,1,As,1,0
2024-11-21 10:39:43,2,176,1,As,1,0
2024-11-21 10:39:43,1,171,1,As,1,0
2024-11-21 10:39:45,5,182,1,As,1,0
2024-11-21 10:39:52,4,167,1,As,1,0
2024-11-21 10:39:58,3,171,1,As,1,0
2024-11-21 10:40:05,2,179,1,As,1,0
2024-11-21 10:40:11,1,170,1,As,1,0
2024-11-21 10:40:18,5,183,1,As,1,0
2024-11-21 10:40:24,4,163,1,As,1,0
2024-11-21 10:40:31,3,171,1,As,1,0
2024-11-21 10:40:37,2,179,1,As,1,0
2024-11-21 10:40:43,5,179,1,As,1,0
2024-11-21 10:40:52,5,183,1,As,1,0
2024-11-21 10:41:01,5,183,1,As,1,0
2024-11-21 10:41:08,4,166,1,As,1,0
2024-11-21 10:41:14,3,172,1,As,1,0
2024-11-21 10:41:20,2,178,1,As,1,0
2024-11-21 10:41:27,1,167,1,As,1,0
2024-11-21 10:41:33,5,180,1,As,1,0
2024-11-21 10:41:40,4,166,1,As,1,0
2024-11-21 10:41:46,3,171,1,As,1,0
2024-11-21 10:41:53,2,178,1,As,1,0
2024-11-21 10:41:59,1,169,1,As,1,0
2024-11-21 10:42:06,5,185,1,As,1,0
2024-11-21 10:42:12,4,166,1,As,1,0
2024-11-21 10:42:18,3,170,1,As,1,0
2024-11-21 10:42:25,2,176,1,As,1,0
2024-11-21 10:42:31,5,185,1,As,1,0
2024-11-21 10:42:38,4,164,1,As,1,0
2024-11-21 10:42:44,3,170,1,As,1,0
2024-11-21 10:42:50,2,173,1,As,1,0
2024-11-21 10:42:57,1,167,1,As,1,0
2024-11-21 10:43:03,5,185,1,As,1,0
2024-11-21 10:43:10,4,164,1,As,1,0
2024-11-21 10:43:16,3,169,1,As,1,0
2024-11-21 10:43:22,2,179,1,As,1,0
2024-11-21 10:43:29,1,169,1,As,1,0
2024-11-21 10:43:35,5,185,1,As,1,0
2024-11-21 10:43:44,5,185,1,As,1,0
2024-11-21 10:43:53,5,183,1,As,1,0
2024-11-21 10:44:03,5,183,1,As,1,0
2024-11-21 10:44:12,5,183,1,As,1,0
2024-11-21 10:44:19,4,165,1,As,1,0
2024-11-21 10:44:25,3,170,1,As,1,0
2024-11-21 10:44:31,2,179,1,As,1,0
2024-11-21 10:44:38,1,167,1,As,1,0
2024-11-21 10:44:44,5,183,1,As,1,0
2024-11-21 10:44:53,5,183,1,As,1,0
2024-11-21 10:45:02,5,184,1,As,1,0
2024-11-21 10:45:12,5,185,1,As,1,0
2024-11-21 10:45:21,5,183,1,As,1,0
2024-11-21 10:45:30,5,183,1,As,1,0
2024-11-21 10:45:39,5,184,1,As,1,0
2024-11-21 10:45:49,5,183,1,As,1,0
2024-11-21 10:45:58,5,183,1,As,1,0
2024-11-21 10:46:07,5,183,1,As,1,0
2024-11-21 10:46:14,4,163,1,As,1,0
2024-11-21 10:46:20,3,170,1,As,1,0
2024-11-21 10:46:26,2,177,1,As,1,0
2024-11-21 10:46:32,5,181,1,As,1,0
2024-11-21 10:46:39,4,166,1,As,1,0
2024-11-21 10:46:45,3,170,1,As,1,0
2024-11-21 10:46:52,2,179,1,As,1,0
2024-11-21 10:46:58,1,166,1,As,1,0
2024-11-21 10:47:05,5,182,1,As,1,0
2024-11-21 10:47:11,4,163,1,As,1,0
2024-11-21 10:47:17,3,170,1,As,1,0
2024-11-21 10:47:24,2,179,1,As,1,0
2024-11-21 10:47:30,1,166,1,As,1,0
2024-11-21 10:47:37,5,183,1,As,1,0
2024-11-21 10:47:46,5,181,1,As,1,0
2024-11-21 10:47:55,5,183,1,As,1,0
2024-11-21 10:48:04,5,183,1,As,1,0
2024-11-21 10:48:14,5,182,1,As,1,0
2024-11-21 10:48:23,5,182,1,As,1,0
2024-11-21 10:48:32,5,182,1,As,1,0
2024-11-21 10:48:39,4,164,1,As,1,0
2024-11-21 10:48:55,3,170,1,As,1,0
2024-11-21 10:48:55,2,177,1,As,1,0
2024-11-21 10:48:58,1,169,1,As,1,0
2024-11-21 10:49:04,5,183,1,As,1,0
2024-11-21 10:49:13,5,183,1,As,1,0
2024-11-21 10:49:20,4,163,1,As,1,0
2024-11-21 10:49:26,3,169,1,As,1,0
2024-11-21 10:49:33,2,176,1,As,1,0
2024-11-21 10:49:39,5,184,1,As,1,0
2024-11-21 10:49:48,5,185,1,As,1,0
2024-11-21 10:49:55,4,164,1,As,1,0
2024-11-21 10:50:01,3,169,1,As,1,0
2024-11-21 10:50:07,2,173,1,As,1,0
2024-11-21 10:50:14,1,171,1,As,1,0
2024-11-21 10:50:20,5,183,1,As,1,0
2024-11-21 10:50:27,4,164,1,As,1,0
2024-11-21 10:50:33,3,169,1,As,1,0
2024-11-21 10:50:39,2,179,1,As,1,0
2024-11-21 10:50:46,1,166,1,As,1,0
2024-11-21 10:50:52,5,183,1,As,1,0
2024-11-21 10:51:01,5,183,1,As,1,0
2024-11-21 10:51:08,4,164,1,As,1,0
2024-11-21 10:51:14,3,170,1,As,1,0
2024-11-21 10:51:20,2,180,1,As,1,0
2024-11-21 10:51:27,1,165,1,As,1,0
2024-11-21 10:51:33,5,184,1,As,1,0
2024-11-21 10:51:43,5,185,1,As,1,0
2024-11-21 10:51:49,4,165,1,As,1,0
2024-11-21 10:51:55,2,179,1,As,1,0
2024-11-21 10:52:01,5,183,1,As,1,0
2024-11-21 10:52:10,5,183,1,As,1,0
2024-11-21 10:52:17,4,163,1,As,1,0
2024-11-21 10:52:23,3,170,1,As,1,0
2024-11-21 10:52:30,2,178,1,As,1,0
2024-11-21 10:52:36,5,184,1,As,1,0
2024-11-21 10:52:45,5,179,1,As,1,0
2024-11-21 10:52:54,5,182,1,As,1,0
2024-11-21 10:53:03,5,181,1,As,1,0
2024-11-21 10:53:13,5,183,1,As,1,0
2024-11-21 10:53:22,5,185,1,As,1,0
2024-11-21 10:53:28,4,164,1,As,1,0
2024-11-21 10:53:35,3,169,1,As,1,0
2024-11-21 10:53:41,2,180,1,As,1,0
2024-11-21 10:53:48,1,170,1,As,1,0
2024-11-21 10:54:01,4,164,1,As,1,0
2024-11-21 10:54:07,3,169,1,As,1,0
2024-11-21 10:54:13,2,180,1,As,1,0
2024-11-21 10:54:19,5,184,1,As,1,0
2024-11-21 10:54:26,4,163,1,As,1,0
2024-11-21 10:54:32,3,171,1,As,1,0
2024-11-21 10:54:38,2,183,1,As,1,0
2024-11-21 10:54:45,1,171,1,As,1,0
2024-11-21 10:54:51,5,185,1,As,1,0
2024-11-21 10:55:07,4,164,1,As,1,0
2024-11-21 10:55:13,3,171,1,As,1,0
2024-11-21 10:55:20,2,178,1,As,1,0
2024-11-21 10:55:26,5,185,1,As,1,0
2024-11-21 10:55:35,5,187,1,As,1,0
2024-11-21 10:55:42,4,164,1,As,1,0
2024-11-21 10:55:48,3,170,1,As,1,0
2024-11-21 10:55:54,2,180,1,As,1,0
2024-11-21 10:56:00,5,185,1,As,1,0
2024-11-21 10:56:09,5,183,1,As,1,0
2024-11-21 10:56:19,5,183,1,As,1,0
2024-11-21 10:56:28,5,186,1,As,1,0
2024-11-21 10:56:37,5,185,1,As,1,0
2024-11-21 10:56:44,4,164,1,As,1,0
2024-11-21 10:56:50,3,169,1,As,1,0
2024-11-21 10:56:56,2,175,1,As,1,0
2024-11-21 10:57:02,5,185,1,As,1,0
2024-11-21 10:57:09,4,164,1,As,1,0
2024-11-21 10:57:15,3,169,1,As,1,0
2024-11-21 10:57:22,2,175,1,As,1,0
2024-11-21 10:57:28,1,170,1,As,1,0
2024-11-21 10:57:35,5,183,1,As,1,0
2024-11-21 10:57:41,4,164,1,As,1,0
2024-11-21 10:57:48,3,170,1,As,1,0
2024-11-21 10:57:54,2,177,1,As,1,0
2024-11-21 10:58:00,1,172,1,As,1,0
2024-11-21 10:58:07,5,186,1,As,1,0
2024-11-21 10:58:13,4,163,1,As,1,0
2024-11-21 10:58:20,3,169,1,As,1,0
2024-11-21 10:58:26,2,176,1,As,1,0
2024-11-21 10:58:33,1,172,1,As,1,0
2024-11-21 10:58:39,5,184,1,As,1,0
2024-11-21 11:02:36,5,185,1,As,1,0
2024-11-21 11:02:36,5,185,1,As,1,0
2024-11-21 11:02:36,4,164,1,As,1,0
2024-11-21 11:02:36,3,170,1,As,1,0
2024-11-21 11:02:36,2,175,1,As,1,0
2024-11-21 11:02:36,1,171,1,As,1,0
2024-11-21 11:02:36,5,183,1,As,1,0
2024-11-21 11:02:36,5,184,1,As,1,0
2024-11-21 11:02:36,5,185,1,As,1,0
2024-11-21 11:02:36,4,164,1,As,1,0
2024-11-21 11:02:36,3,171,1,As,1,0
2024-11-21 11:02:36,2,171,1,As,1,0
2024-11-21 11:02:36,5,183,1,As,1,0
2024-11-21 11:02:36,4,164,1,As,1,0
2024-11-21 11:02:36,3,170,1,As,1,0
2024-11-21 11:02:36,2,174,1,As,1,0
2024-11-21 11:02:36,1,171,1,As,1,0
2024-11-21 11:02:36,5,186,1,As,1,0
2024-11-21 11:02:36,4,164,1,As,1,0
2024-11-21 11:02:36,3,170,1,As,1,0
2024-11-21 11:02:36,2,177,1,As,1,0
2024-11-21 11:02:36,1,173,1,As,1,0
2024-11-21 11:02:36,5,185,1,As,1,0
2024-11-21 11:02:36,4,164,1,As,1,0
2024-11-21 11:02:36,3,169,1,As,1,0
2024-11-21 11:02:36,2,171,1,As,1,0
2024-11-21 11:02:36,2,171,1,As,1,0
2024-11-21 11:02:36,1,164,1,As,1,0
2024-11-21 11:02:36,5,185,1,As,1,0
2024-11-21 11:02:36,4,163,1,As,1,0
2024-11-21 11:02:36,2,170,1,As,1,0
2024-11-21 11:02:36,1,166,1,As,1,0
2024-11-21 11:02:36,5,184,1,As,1,0
2024-11-21 11:02:36,4,163,1,As,1,0
2024-11-21 11:02:37,3,168,1,As,1,0
2024-11-21 11:02:43,2,168,1,As,1,0
2024-11-21 11:02:50,1,166,1,As,1,0
2024-11-21 11:02:56,5,184,1,As,1,0
2024-11-21 11:03:03,4,164,1,As,1,0
2024-11-21 11:03:09,3,169,1,As,1,0
2024-11-21 11:03:15,2,173,1,As,1,0
2024-11-21 11:03:22,1,164,1,As,1,0
2024-11-21 11:03:28,5,185,1,As,1,0
2024-11-21 11:03:35,4,163,1,As,1,0
2024-11-21 11:03:41,3,171,1,As,1,0
2024-11-21 11:03:47,2,177,1,As,1,0
2024-11-21 11:03:54,1,171,1,As,1,0
2024-11-21 11:04:00,5,184,1,As,1,0
2024-11-21 11:04:07,4,165,1,As,1,0
2024-11-21 11:04:13,3,171,1,As,1,0
2024-11-21 11:04:19,2,176,1,As,1,0
2024-11-21 11:04:26,1,174,1,As,1,0
2024-11-21 11:04:32,5,187,1,As,1,0
2024-11-21 11:04:39,4,166,1,As,1,0
2024-11-21 11:04:45,2,176,1,As,1,0
2024-11-21 11:04:51,1,165,1,As,1,0
2024-11-21 11:04:58,5,186,1,As,1,0
2024-11-21 11:05:04,4,166,1,As,1,0
2024-11-21 11:05:11,3,169,1,As,1,0
2024-11-21 11:05:17,2,178,1,As,1,0
2024-11-21 11:05:24,1,167,1,As,1,0
2024-11-21 11:05:30,5,186,1,As,1,0
2024-11-21 11:05:36,4,164,1,As,1,0
2024-11-21 11:05:43,3,167,1,As,1,0
2024-11-21 11:05:49,2,175,1,As,1,0
2024-11-21 11:05:56,1,164,1,As,1,0
2024-11-21 11:06:02,5,187,1,As,1,0
2024-11-21 11:06:09,4,164,1,As,1,0
2024-11-21 11:06:15,3,167,1,As,1,0
2024-11-21 11:06:21,2,171,1,As,1,0
2024-11-21 11:06:30,2,173,1,As,1,0
2024-11-21 11:06:37,1,164,1,As,1,0
2024-11-21 11:06:43,5,186,1,As,1,0
2024-11-21 11:06:50,4,164,1,As,1,0
2024-11-21 11:06:56,3,168,1,As,1,0
2024-11-21 11:07:02,2,168,1,As,1,0
2024-11-21 11:07:12,2,169,1,As,1,0
2024-11-21 11:07:18,1,165,1,As,1,0
2024-11-21 11:07:25,5,184,1,As,1,0
2024-11-21 11:07:31,4,164,1,As,1,0
2024-11-21 11:07:37,3,167,1,As,1,0
2024-11-21 11:07:44,2,170,1,As,1,0
2024-11-21 11:07:50,1,166,1,As,1,0
2024-11-21 11:07:57,5,186,1,As,1,0
2024-11-21 11:08:03,4,164,1,As,1,0
2024-11-21 11:08:09,2,173,1,As,1,0
2024-11-21 11:08:18,2,172,1,As,1,0
2024-11-21 11:08:25,1,166,1,As,1,0
2024-11-21 11:08:31,5,186,1,As,1,0
2024-11-21 11:08:38,4,165,1,As,1,0
2024-11-21 11:08:44,3,168,1,As,1,0
2024-11-21 11:34:18,2,170,1,As,1,0
2024-11-21 11:45:13,5,180,1,As,2,0
2024-11-21 11:45:13,4,166,1,As,2,0
2024-11-21 11:45:13,3,170,1,As,2,0
2024-11-21 11:45:13,2,176,1,As,2,0
2024-11-21 11:45:13,5,183,1,As,2,0
2024-11-21 11:45:13,5,180,1,As,2,0
2024-11-21 11:45:13,5,182,1,As,2,0
2024-11-21 11:45:13,5,182,1,As,2,0
2024-11-21 11:45:13,5,181,1,As,2,0
2024-11-21 11:45:13,5,183,1,As,2,0
2024-11-21 11:45:13,5,177,1,As,2,0
2024-11-21 11:45:13,5,178,1,As,2,0
2024-11-21 11:45:13,5,182,1,As,2,0
2024-11-21 11:45:13,5,180,1,As,2,0
2024-11-21 11:45:13,5,180,1,As,2,0
2024-11-21 11:45:13,5,180,1,As,2,0
2024-11-21 11:45:13,5,180,1,As,2,0
2024-11-21 11:45:13,5,179,1,As,2,0
2024-11-21 11:45:13,5,182,1,As,2,0
2024-11-21 11:45:13,5,180,1,As,2,0
2024-11-21 11:45:13,5,176,1,As,2,0
2024-11-21 11:45:13,5,183,1,As,2,0
2024-11-21 11:45:13,5,177,1,As,2,0
2024-11-21 11:45:13,5,182,1,As,2,0
2024-11-21 11:45:13,5,167,1,As,2,0
2024-11-21 11:45:13,5,179,1,As,2,0
2024-11-21 11:45:13,5,182,1,As,2,0
2024-11-21 11:45:13,5,182,1,As,2,0
2024-11-21 11:45:13,5,184,1,As,2,0
2024-11-21 11:45:13,5,184,1,As,2,0
2024-11-21 11:45:13,5,184,1,As,2,0
2024-11-21 11:45:13,5,184,1,As,2,0
2024-11-21 11:45:13,5,183,1,As,2,0
2024-11-21 11:45:13,5,185,1,As,2,0
2024-11-21 11:45:13,5,183,1,As,2,0
2024-11-21 11:45:13,5,185,1,As,2,0
2024-11-21 11:45:13,5,184,1,As,2,0
2024-11-21 11:45:13,5,183,1,As,2,0
2024-11-21 11:45:13,5,182,1,As,2,0
2024-11-21 11:45:13,5,185,1,As,2,0
2024-11-21 11:45:13,5,184,1,As,2,0
2024-11-21 11:45:13,5,182,1,As,2,0
2024-11-21 11:45:13,5,184,1,As,2,0
2024-11-21 11:45:13,5,183,1,As,2,0
2024-11-21 11:45:13,5,184,1,As,2,0
2024-11-21 11:45:13,5,182,1,As,2,0
2024-11-21 11:45:13,4,164,1,As,2,0
2024-11-21 11:45:13,3,168,1,As,2,0
2024-11-21 11:45:13,2,182,1,As,2,0
2024-11-21 11:45:13,5,185,1,As,2,0
2024-11-21 11:45:13,5,183,1,As,2,0
2024-11-21 11:45:13,5,181,1,As,2,0
2024-11-21 11:45:13,5,183,1,As,2,0
2024-11-21 11:45:13,5,182,1,As,2,0
2024-11-21 11:45:13,5,182,1,As,2,0
2024-11-21 11:45:13,5,185,1,As,2,0
2024-11-21 11:45:13,5,183,1,As,2,0
2024-11-21 11:45:13,5,182,1,As,2,0
2024-11-21 11:45:13,5,183,1,As,2,0
2024-11-21 11:45:13,5,184,1,As,2,0
2024-11-21 11:45:13,5,183,1,As,2,0
2024-11-21 11:45:13,5,184,1,As,2,0
2024-11-21 11:45:13,5,184,1,As,2,0
2024-11-21 11:45:13,5,184,1,As,2,0
2024-11-21 11:45:21,5,183,1,As,2,0
2024-11-21 11:45:30,5,183,1,As,2,0
2024-11-21 11:45:39,5,185,1,As,2,0
2024-11-21 11:45:49,5,183,1,As,2,0
2024-11-21 11:45:58,5,185,1,As,2,0
2024-11-21 11:46:07,5,184,1,As,2,0
2024-11-21 11:46:16,5,184,1,As,2,0
2024-11-21 11:46:26,5,185,1,As,2,0
2024-11-21 11:46:35,5,183,1,As,2,0
2024-11-21 11:46:44,5,183,1,As,2,0
2024-11-21 11:46:53,5,183,1,As,2,0
2024-11-21 11:47:02,5,184,1,As,2,0
2024-11-21 11:47:12,5,183,1,As,2,0
2024-11-21 11:47:21,5,183,1,As,2,0
2024-11-21 11:47:30,5,183,1,As,2,0
2024-11-21 11:47:39,5,184,1,As,2,0
2024-11-21 11:47:49,5,184,1,As,2,0
2024-11-21 11:47:58,5,185,1,As,2,0
2024-11-21 11:48:07,5,183,1,As,2,0
2024-11-21 11:48:16,5,183,1,As,2,0
2024-11-21 11:48:26,5,184,1,As,2,0
2024-11-21 11:48:35,5,185,1,As,2,0
2024-11-21 11:48:44,5,184,1,As,2,0
2024-11-21 11:48:53,5,183,1,As,2,0
2024-11-21 11:49:02,5,182,1,As,2,0
2024-11-21 11:49:09,4,163,1,As,2,0
2024-11-21 11:49:15,3,170,1,As,2,0
2024-11-21 11:49:22,2,184,1,As,2,0
2024-11-21 11:49:28,5,182,1,As,2,0
2024-11-21 11:49:37,5,182,1,As,2,0
2024-11-21 11:49:46,5,183,1,As,2,0
2024-11-21 11:49:55,5,184,1,As,2,0
2024-11-21 11:50:05,5,185,1,As,2,0
2024-11-21 11:50:14,5,185,1,As,2,0
2024-11-21 11:50:23,5,183,1,As,2,0
2024-11-21 11:50:32,5,183,1,As,2,0
2024-11-21 11:50:42,5,184,1,As,2,0
2024-11-21 11:50:51,5,183,1,As,2,0
2024-11-21 11:51:00,5,182,1,As,2,0
2024-11-21 11:51:09,5,183,1,As,2,0
2024-11-21 11:51:19,5,184,1,As,2,0
2024-11-21 11:51:28,5,183,1,As,2,0
2024-11-21 11:51:37,5,184,1,As,2,0
2024-11-21 11:51:46,5,183,1,As,2,0
2024-11-21 11:51:55,5,181,1,As,2,0
2024-11-21 11:52:05,5,182,1,As,2,0
2024-11-21 11:52:14,5,183,1,As,2,0
2024-11-21 11:52:23,5,183,1,As,2,0
2024-11-21 11:52:32,5,183,1,As,2,0
2024-11-21 11:52:42,5,182,1,As,2,0
2024-11-21 11:52:51,5,184,1,As,2,0
2024-11-21 11:53:00,5,184,1,As,2,0
2024-11-21 11:53:09,5,183,1,As,2,0
2024-11-21 11:53:19,5,185,1,As,2,0
2024-11-21 11:53:28,5,177,1,As,2,0
2024-11-21 11:53:37,5,180,1,As,2,0
2024-11-21 11:53:46,5,182,1,As,2,0
2024-11-21 11:53:55,5,183,1,As,2,0
2024-11-21 11:54:05,5,182,1,As,2,0
2024-11-21 11:54:14,5,178,1,As,2,0
2024-11-21 11:54:23,5,181,1,As,2,0
2024-11-21 12:00:37,5,180,1,As,2,0
2024-11-21 12:00:37,5,182,1,As,2,0
2024-11-21 12:00:37,5,183,1,As,2,0
2024-11-21 12:00:37,5,180,1,As,2,0
2024-11-21 12:00:37,5,181,1,As,2,0
2024-11-21 12:00:37,5,183,1,As,2,0
2024-11-21 12:00:37,5,181,1,As,2,0
2024-11-21 12:00:37,5,183,1,As,2,0
2024-11-21 12:00:37,5,181,1,As,2,0
2024-11-21 12:00:37,5,180,1,As,2,0
2024-11-21 12:00:37,5,180,1,As,2,0
2024-11-21 12:00:37,5,179,1,As,2,0
2024-11-21 12:00:37,5,180,1,As,2,0
2024-11-21 12:00:37,5,179,1,As,2,0
2024-11-21 12:00:37,5,180,1,As,2,0
2024-11-21 12:00:37,5,177,1,As,2,0
2024-11-21 12:00:37,4,163,1,As,2,0
2024-11-21 12:00:37,3,165,1,As,2,0
2024-11-21 12:00:37,2,191,1,As,2,0
2024-11-21 12:00:37,1,168,1,As,2,0
2024-11-21 12:00:37,1,168,1,As,2,0
2024-11-21 12:00:37,5,174,1,As,2,0
2024-11-21 12:00:37,5,175,1,As,2,0
2024-11-21 12:00:37,5,177,1,As,2,0
2024-11-21 12:00:37,5,172,1,As,2,0
2024-11-21 12:00:37,5,173,1,As,2,0
2024-11-21 12:00:37,5,175,1,As,2,0
2024-11-21 12:00:37,5,173,1,As,2,0
2024-11-21 12:00:37,4,164,1,As,2,0
2024-11-21 12:00:37,3,165,1,As,2,0
2024-11-21 12:00:37,2,189,1,As,2,0
2024-11-21 12:00:37,5,169,1,As,2,0
2024-11-21 12:00:37,5,177,1,As,2,0
2024-11-21 12:00:37,1,167,1,As,2,0
2024-11-21 12:00:37,5,168,1,As,2,0
2024-11-21 12:00:37,1,166,1,As,2,0
2024-11-21 12:00:37,1,164,1,As,2,0
2024-11-21 12:00:37,1,164,1,As,2,0
2024-11-21 12:00:37,1,167,1,As,2,0
2024-11-21 12:00:37,5,170,1,As,2,0
2024-11-21 12:00:37,5,170,1,As,2,0
2024-11-21 12:00:37,1,167,1,As,2,0
2024-11-21 12:00:37,5,168,1,As,2,0
2024-11-21 12:00:43,1,165,1,As,2,0
2024-11-21 12:00:49,5,174,1,As,2,0
2024-11-21 12:01:01,1,166,1,As,2,0
2024-11-21 12:01:07,5,179,1,As,2,0
2024-11-21 12:01:16,5,174,1,As,2,0
2024-11-21 12:01:28,1,166,1,As,2,0
2024-11-21 12:01:37,1,167,1,As,2,0
2024-11-21 12:01:43,5,171,1,As,2,0
2024-11-21 12:01:55,1,168,1,As,2,0
2024-11-21 12:02:01,5,173,1,As,2,0
2024-11-21 12:02:10,5,172,1,As,2,0
2024-11-21 12:02:22,1,171,1,As,2,0
2024-11-21 12:02:31,1,170,1,As,2,0
2024-11-21 12:02:37,5,170,1,As,2,0
2024-11-21 12:02:46,5,176,1,As,2,0
2024-11-21 12:02:56,5,178,1,As,2,0
2024-11-21 12:03:05,5,172,1,As,2,0
2024-11-21 12:03:17,1,169,1,As,2,0
2024-11-21 12:03:23,5,177,1,As,2,0
2024-11-21 12:03:32,5,174,1,As,2,0
2024-11-21 12:03:44,1,168,1,As,2,0
2024-11-21 12:03:50,5,179,1,As,2,0
2024-11-21 12:03:59,5,177,1,As,2,0
2024-11-21 12:04:09,5,177,1,As,2,0
2024-11-21 12:04:18,5,173,1,As,2,0
2024-11-21 12:04:30,1,165,1,As,2,0
2024-11-21 12:05:37,5,177,1,As,2,0
2024-11-21 12:05:37,1,169,1,As,2,0
2024-11-21 12:05:37,5,176,1,As,2,0
2024-11-21 12:05:37,5,178,1,As,2,0
2024-11-21 12:05:37,1,163,1,As,2,0
2024-11-21 12:05:37,5,172,1,As,2,0
2024-11-21 12:05:37,5,181,1,As,2,0
2024-11-21 12:05:39,5,176,1,As,2,0
2024-11-21 12:05:49,5,179,1,As,2,0
2024-11-21 12:05:58,5,177,1,As,2,0
2024-11-21 12:06:10,1,168,1,As,2,0
2024-11-21 12:06:16,5,171,1,As,2,0
2024-11-21 12:06:25,5,170,1,As,2,0
2024-11-21 12:06:34,5,175,1,As,2,0
2024-11-21 12:06:46,1,178,1,As,2,0
2024-11-21 12:06:52,5,172,1,As,2,0
2024-11-21 12:06:59,4,164,1,As,2,0
2024-11-21 12:07:05,3,169,1,As,2,0
2024-11-21 12:07:12,2,189,1,As,2,0
2024-11-21 12:07:18,5,172,1,As,2,0
2024-11-21 12:07:24,4,163,1,As,2,0
2024-11-21 12:07:31,3,167,1,As,2,0
2024-11-21 12:07:37,2,187,1,As,2,0
2024-11-21 12:07:44,1,170,1,As,2,0
2024-11-21 12:07:50,5,179,1,As,2,0
2024-11-21 12:07:59,5,179,1,As,2,0
2024-11-21 12:08:06,4,164,1,As,2,0
2024-11-21 12:08:12,3,164,1,As,2,0
2024-11-21 12:08:18,2,188,1,As,2,0
2024-11-21 12:08:27,1,167,1,As,2,0
2024-11-21 12:08:33,5,176,1,As,2,0
2024-11-21 12:08:42,5,179,1,As,2,0
2024-11-21 12:08:54,1,170,1,As,2,0
2024-11-21 12:09:00,5,176,1,As,2,0
2024-11-21 12:09:10,5,173,1,As,2,0
2024-11-21 12:09:16,4,164,1,As,2,0
2024-11-21 12:09:22,3,165,1,As,2,0
2024-11-21 12:09:29,2,189,1,As,2,0
2024-11-21 12:09:35,1,166,1,As,2,0
2024-11-21 12:09:42,5,180,1,As,2,0
2024-11-21 12:09:51,5,172,1,As,2,0
2024-11-21 12:10:00,5,173,1,As,2,0
2024-11-21 12:10:12,1,169,1,As,2,0
2024-11-21 12:10:21,1,164,1,As,2,0
2024-11-21 12:10:27,5,177,1,As,2,0
2024-11-21 12:10:34,4,163,1,As,2,0
2024-11-21 12:10:40,3,167,1,As,2,0
2024-11-21 12:10:46,2,189,1,As,2,0
2024-11-21 12:10:52,5,177,1,As,2,0
2024-11-21 12:10:59,4,163,1,As,2,0
2024-11-21 12:11:05,3,167,1,As,2,0
2024-11-21 12:11:11,2,189,1,As,2,0
2024-11-21 12:11:17,5,181,1,As,2,0
2024-11-21 12:11:27,5,180,1,As,2,0
2024-11-21 12:11:36,5,178,1,As,2,0
2024-11-21 12:11:45,5,182,1,As,2,0
2024-11-21 12:11:54,5,183,1,As,2,0
2024-11-21 12:12:04,5,185,1,As,2,0
2024-11-21 12:12:13,5,184,1,As,2,0
2024-11-21 12:12:22,5,183,1,As,2,0
2024-11-21 12:12:31,5,179,1,As,2,0
2024-11-21 12:12:41,5,183,1,As,2,0
2024-11-21 12:12:50,5,181,1,As,2,0
2024-11-21 12:12:59,5,184,1,As,2,0
2024-11-21 12:13:08,5,182,1,As,2,0
2024-11-21 12:13:17,5,182,1,As,2,0
2024-11-21 12:13:27,5,179,1,As,2,0
2024-11-21 12:13:33,4,163,1,As,2,0
2024-11-21 12:13:40,3,164,1,As,2,0
2024-11-21 12:13:46,2,188,1,As,2,0
2024-11-21 12:13:52,5,179,1,As,2,0
2024-11-21 12:14:01,5,180,1,As,2,0
2024-11-21 12:14:10,5,180,1,As,2,0
2024-11-21 12:14:20,5,178,1,As,2,0
2024-11-21 12:14:29,5,178,1,As,2,0
2024-11-21 12:14:38,5,176,1,As,2,0
2024-11-21 12:25:13,5,179,1,As,2,0
2024-11-21 12:25:22,5,180,1,As,2,0
2024-11-21 12:25:29,4,163,1,As,2,0
2024-11-21 12:25:35,3,166,1,As,2,0
2024-11-21 12:25:41,2,188,1,As,2,0
2024-11-21 12:25:47,5,180,1,As,2,0
2024-11-21 12:25:56,5,182,1,As,2,0
2024-11-21 12:26:06,5,178,1,As,2,0
2024-11-21 12:26:15,5,182,1,As,2,0
2024-11-21 12:26:24,5,179,1,As,2,0
2024-11-21 12:26:33,5,180,1,As,2,0
2024-11-21 12:26:43,5,180,1,As,2,0
2024-11-21 12:26:52,5,181,1,As,2,0
2024-11-21 12:27:01,5,179,1,As,2,0
2024-11-21 12:27:10,5,176,1,As,2,0
2024-11-21 12:27:20,5,180,1,As,2,0
2024-11-21 12:27:29,5,180,1,As,2,0
2024-11-21 12:27:38,5,180,1,As,2,0
2024-11-21 12:27:47,5,179,1,As,2,0
2024-11-21 12:27:57,5,181,1,As,2,0
2024-11-21 12:28:06,5,180,1,As,2,0
2024-11-21 12:28:15,5,180,1,As,2,0
2024-11-21 12:28:24,5,179,1,As,2,0
2024-11-21 12:28:33,5,179,1,As,2,0
2024-11-21 12:28:43,5,180,1,As,2,0
2024-11-21 12:28:52,5,182,1,As,2,0
2024-11-21 12:29:01,5,181,1,As,2,0
2024-11-21 12:29:10,5,180,1,As,2,0
2024-11-21 12:29:20,5,183,1,As,2,0
2024-11-21 12:29:29,5,179,1,As,2,0
2024-11-21 12:29:38,5,181,1,As,2,0
2024-11-21 12:29:45,4,163,1,As,2,0
2024-11-21 12:29:51,3,165,1,As,2,0
2024-11-21 12:29:57,2,188,1,As,2,0
2024-11-21 12:30:03,5,180,1,As,2,0
2024-11-21 12:30:13,5,183,1,As,2,0
2024-11-21 12:30:22,5,181,1,As,2,0
2024-11-21 12:30:31,5,183,1,As,2,0
2024-11-21 12:30:40,5,183,1,As,2,0
2024-11-21 12:30:50,5,181,1,As,2,0
2024-11-21 12:30:59,5,183,1,As,2,0
2024-11-21 12:31:08,5,182,1,As,2,0
2024-11-21 12:31:17,5,183,1,As,2,0
2024-11-21 12:31:26,5,183,1,As,2,0
2024-11-21 12:31:36,5,183,1,As,2,0
2024-11-21 12:31:45,5,183,1,As,2,0
2024-11-21 12:31:54,5,183,1,As,2,0
2024-11-21 12:32:03,5,182,1,As,2,0
2024-11-21 12:32:13,5,181,1,As,2,0
2024-11-21 12:32:22,5,184,1,As,2,0
2024-11-21 12:32:31,5,182,1,As,2,0
2024-11-21 12:32:40,5,180,1,As,2,0
2024-11-21 12:32:50,5,182,1,As,2,0
2024-11-21 12:32:59,5,183,1,As,2,0
2024-11-21 12:33:08,5,183,1,As,2,0
2024-11-21 12:33:17,5,183,1,As,2,0
2024-11-21 12:33:26,5,183,1,As,2,0
2024-11-21 12:33:36,5,183,1,As,2,0
2024-11-21 12:33:45,5,183,1,As,2,0
2024-11-21 12:33:54,5,184,1,As,2,0
2024-11-21 12:34:03,5,184,1,As,2,0
2024-11-21 12:34:13,5,183,1,As,2,0
2024-11-21 12:34:22,5,181,1,As,2,0
2024-11-21 12:34:31,5,184,1,As,2,0
2024-11-21 12:34:40,5,182,1,As,2,0
2024-11-21 12:34:50,5,183,1,As,2,0
2024-11-21 12:34:59,5,180,1,As,2,0
2024-11-21 12:35:08,5,180,1,As,2,0
2024-11-21 12:35:17,5,178,1,As,2,0
2024-11-21 12:35:26,5,179,1,As,2,0
2024-11-21 12:35:36,5,181,1,As,2,0
2024-11-21 12:35:45,5,180,1,As,2,0
2024-11-21 12:35:54,5,180,1,As,2,0
2024-11-21 12:36:03,5,180,1,As,2,0
2024-11-21 12:36:13,5,177,1,As,2,0
2024-11-21 12:36:22,5,176,1,As,2,0
2024-11-21 12:36:31,5,180,1,As,2,0
2024-11-21 12:36:40,5,181,1,As,2,0
2024-11-21 12:36:50,5,180,1,As,2,0
2024-11-21 12:36:59,5,180,1,As,2,0
2024-11-21 12:37:08,5,181,1,As,2,0
2024-11-21 12:37:15,4,164,1,As,2,0
2024-11-21 12:37:27,5,179,1,As,2,0
2024-11-21 12:37:36,5,174,1,As,2,0
2024-11-21 12:37:45,5,177,1,As,2,0
2024-11-21 12:37:54,5,181,1,As,2,0
2024-11-21 12:38:03,5,178,1,As,2,0
2024-11-21 12:38:13,5,178,1,As,2,0
2024-11-21 12:38:22,5,176,1,As,2,0
2024-11-21 12:38:31,5,178,1,As,2,0
2024-11-21 12:38:40,5,182,1,As,2,0
2024-11-21 12:38:50,5,178,1,As,2,0
2024-11-21 12:38:59,5,172,1,As,2,0
2024-11-21 12:39:08,5,180,1,As,2,0
2024-11-21 12:39:17,5,180,1,As,2,0
2024-11-21 12:39:27,5,183,1,As,2,0
2024-11-21 12:39:36,5,182,1,As,2,0
2024-11-21 12:39:45,5,182,1,As,2,0
2024-11-21 12:39:54,5,182,1,As,2,0
2024-11-21 12:40:03,5,180,1,As,2,0
2024-11-21 12:40:13,5,177,1,As,2,0
2024-11-21 12:52:13,3,164,1,As,2,0
2024-11-21 12:52:20,2,177,1,As,2,0
2024-11-21 12:52:26,1,166,1,As,2,0
2024-11-21 12:52:33,5,176,1,As,2,0
2024-11-21 12:52:39,4,164,1,As,2,0
2024-11-21 12:52:45,3,164,1,As,2,0
2024-11-21 12:52:52,2,177,1,As,2,0
2024-11-21 12:52:58,5,175,1,As,2,0
2024-11-21 12:53:05,4,164,1,As,2,0
2024-11-21 12:53:11,3,165,1,As,2,0
2024-11-21 12:53:17,2,176,1,As,2,0
2024-11-21 12:53:24,1,165,1,As,2,0
2024-11-21 12:53:30,5,175,1,As,2,0
2024-11-21 12:53:39,5,176,1,As,2,0
2024-11-21 12:53:48,5,176,1,As,2,0
2024-11-21 12:53:55,4,164,1,As,2,0
2024-11-21 12:54:04,4,164,1,As,2,0
2024-11-21 12:54:14,4,164,1,As,2,0
2024-11-21 12:54:20,3,164,1,As,2,0
2024-11-21 12:54:26,2,177,1,As,2,0
2024-11-21 12:54:33,1,166,1,As,2,0
2024-11-21 12:54:39,4,164,1,As,2,0
2024-11-21 12:54:45,3,164,1,As,2,0
2024-11-21 12:54:51,2,177,1,As,2,0
2024-11-21 12:54:58,1,166,1,As,2,0
2024-11-21 12:55:04,5,176,1,As,2,0
2024-11-21 12:55:14,5,176,1,As,2,0
2024-11-21 12:55:23,5,176,1,As,2,0
2024-11-21 12:55:29,4,164,1,As,2,0
2024-11-21 12:55:36,3,164,1,As,2,0
2024-11-21 12:55:42,2,176,1,As,2,0
2024-11-21 12:55:49,1,166,1,As,2,0
2024-11-21 12:55:55,5,176,1,As,2,0
2024-11-21 12:56:02,4,164,1,As,2,0
2024-11-21 12:56:08,3,164,1,As,2,0
2024-11-21 12:56:14,2,177,1,As,2,0
2024-11-21 12:56:21,1,166,1,As,2,0
2024-11-21 12:56:27,5,177,1,As,2,0
2024-11-21 12:56:34,4,164,1,As,2,0
2024-11-21 12:56:40,3,164,1,As,2,0
2024-11-21 12:56:46,2,177,1,As,2,0
2024-11-21 12:56:53,1,167,1,As,2,0
2024-11-21 12:56:59,4,165,1,As,2,0
2024-11-21 12:57:05,3,164,1,As,2,0
2024-11-21 12:57:11,2,177,1,As,2,0
2024-11-21 12:57:18,5,177,1,As,2,0
2024-11-21 12:57:27,5,175,1,As,2,0
2024-11-21 12:57:34,4,164,1,As,2,0
2024-11-21 12:57:40,3,164,1,As,2,0
2024-11-21 12:57:46,2,177,1,As,2,0
2024-11-21 12:57:53,1,166,1,As,2,0
2024-11-21 12:57:59,5,177,1,As,2,0
2024-11-21 12:58:06,4,163,1,As,2,0
2024-11-21 12:58:12,3,164,1,As,2,0
2024-11-21 12:58:18,2,177,1,As,2,0
2024-11-21 12:58:25,1,167,1,As,2,0
2024-11-21 12:58:31,4,164,1,As,2,0
2024-11-21 12:58:37,3,164,1,As,2,0
2024-11-21 12:58:43,2,177,1,As,2,0
2024-11-21 12:58:49,5,177,1,As,2,0
2024-11-21 12:58:59,5,176,1,As,2,0
2024-11-21 12:59:05,4,164,1,As,2,0
2024-11-21 12:59:12,3,164,1,As,2,0
2024-11-21 12:59:18,2,177,1,As,2,0
2024-11-21 12:59:24,5,179,1,As,2,0
2024-11-21 12:59:33,5,177,1,As,2,0
2024-11-21 12:59:40,4,164,1,As,2,0
2024-11-21 12:59:46,3,164,1,As,2,0
2024-11-21 12:59:52,2,176,1,As,2,0
2024-11-21 12:59:59,1,166,1,As,2,0
2024-11-21 13:00:05,5,176,1,As,2,0
2024-11-21 13:00:12,4,164,1,As,2,0
2024-11-21 13:00:18,3,164,1,As,2,0
2024-11-21 13:00:25,2,177,1,As,2,0
2024-11-21 13:00:31,1,166,1,As,2,0
2024-11-21 13:00:37,5,176,1,As,2,0
2024-11-21 13:00:44,4,163,1,As,2,0
2024-11-21 13:00:50,3,164,1,As,2,0
2024-11-21 13:00:57,2,177,1,As,2,0
2024-11-21 13:01:03,5,177,1,As,2,0
2024-11-21 13:01:12,5,176,1,As,2,0
2024-11-21 13:01:19,4,164,1,As,2,0
2024-11-21 13:01:25,3,164,1,As,2,0
2024-11-21 13:01:31,2,176,1,As,2,0
2024-11-21 13:01:37,5,176,1,As,2,0
2024-11-21 13:01:44,4,163,1,As,2,0
2024-11-21 13:01:50,3,164,1,As,2,0
2024-11-21 13:01:56,2,177,1,As,2,0
2024-11-21 13:02:03,5,177,1,As,2,0
2024-11-21 13:02:09,4,164,1,As,2,0
2024-11-21 13:02:15,3,165,1,As,2,0
2024-11-21 13:02:22,2,175,1,As,2,0
2024-11-21 13:02:28,1,167,1,As,2,0
2024-11-21 13:02:35,5,175,1,As,2,0
2024-11-21 13:02:41,4,164,1,As,2,0
2024-11-21 13:02:48,3,166,1,As,2,0
2024-11-21 13:02:54,2,176,1,As,2,0
2024-11-21 13:03:00,1,166,1,As,2,0
2024-11-21 13:03:07,5,176,1,As,2,0
2024-11-21 13:03:13,4,164,1,As,2,0
2024-11-21 13:03:20,3,164,1,As,2,0
2024-11-21 13:03:26,2,176,1,As,2,0
2024-11-21 13:03:32,5,175,1,As,2,0
2024-11-21 13:03:39,4,164,1,As,2,0
2024-11-21 13:03:45,3,164,1,As,2,0
2024-11-21 13:03:51,2,176,1,As,2,0
2024-11-21 13:03:58,1,166,1,As,2,0
2024-11-21 13:04:04,5,176,1,As,2,0
2024-11-21 13:04:13,5,176,1,As,2,0
2024-11-21 13:04:20,4,164,1,As,2,0
2024-11-21 13:04:26,3,164,1,As,2,0
2024-11-21 13:04:32,2,177,1,As,2,0
2024-11-21 13:04:39,1,166,1,As,2,0
2024-11-21 13:04:45,5,176,1,As,2,0
2024-11-21 13:04:52,4,164,1,As,2,0
2024-11-21 13:04:58,3,164,1,As,2,0
2024-11-21 13:05:05,2,177,1,As,2,0
2024-11-21 13:05:11,1,167,1,As,2,0
2024-11-21 13:05:17,5,176,1,As,2,0
2024-11-21 13:05:24,4,164,1,As,2,0
2024-11-21 13:05:30,3,164,1,As,2,0
2024-11-21 13:05:37,2,177,1,As,2,0
2024-11-21 13:05:43,1,167,1,As,2,0
2024-11-21 13:05:50,5,176,1,As,2,0
2024-11-21 13:05:56,4,164,1,As,2,0
2024-11-21 13:06:03,3,164,1,As,2,0
2024-11-21 13:06:09,2,177,1,As,2,0
2024-11-21 13:06:15,1,166,1,As,2,0
2024-11-21 13:06:22,5,177,1,As,2,0
2024-11-21 13:06:31,5,176,1,As,2,0
2024-11-21 13:06:38,4,164,1,As,2,0
2024-11-21 13:06:44,3,164,1,As,2,0
2024-11-21 13:06:50,2,177,1,As,2,0
2024-11-21 13:06:57,1,168,1,As,2,0
2024-11-21 13:07:03,5,177,1,As,2,0
2024-11-21 13:07:10,4,163,1,As,2,0
2024-11-21 13:07:16,3,166,1,As,2,0
2024-11-21 13:23:54,1,169,1,As,3,0
2024-11-21 13:24:22,3,164,1,As,3,0
2024-11-21 13:24:28,2,190,1,As,3,0
2024-11-21 13:24:35,1,169,1,As,3,0
2024-11-21 13:24:41,5,179,1,As,3,0
2024-11-21 13:24:48,4,165,1,As,3,0
2024-11-21 13:24:54,3,164,1,As,3,0
2024-11-21 13:25:00,2,189,1,As,3,0
2024-11-21 13:25:07,1,169,1,As,3,0
2024-11-21 13:25:13,5,179,1,As,3,0
2024-11-21 13:25:20,4,165,1,As,3,0
2024-11-21 13:25:26,3,164,1,As,3,0
2024-11-21 13:26:04,2,189,1,As,3,0
2024-11-21 13:26:17,5,179,1,As,3,0
2024-11-21 13:26:24,4,164,1,As,3,0
2024-11-21 13:26:30,3,164,1,As,3,0
2024-11-21 13:26:37,2,190,1,As,3,0
2024-11-21 13:27:02,3,164,1,As,3,0
2024-11-21 13:27:09,2,190,1,As,3,0
2024-11-21 13:27:15,1,170,1,As,3,0
2024-11-21 13:27:21,4,164,1,As,3,0
2024-11-21 13:27:28,3,164,1,As,3,0
2024-11-21 13:27:34,2,189,1,As,3,0
2024-11-21 13:27:41,1,170,1,As,3,0
2024-11-21 13:27:47,5,179,1,As,3,0
2024-11-21 13:27:54,4,164,1,As,3,0
2024-11-21 13:28:00,3,165,1,As,3,0
2024-11-21 13:28:06,2,189,1,As,3,0
2024-11-21 13:28:13,1,170,1,As,3,0
2024-11-21 13:28:19,5,180,1,As,3,0
2024-11-21 13:28:26,4,164,1,As,3,0
2024-11-21 13:28:32,3,164,1,As,3,0
2024-11-21 13:28:38,2,190,1,As,3,0
2024-11-21 13:28:45,1,169,1,As,3,0
2024-11-21 13:28:51,5,179,1,As,3,0
2024-11-21 13:28:58,4,164,1,As,3,0
2024-11-21 13:29:04,3,164,1,As,3,0
2024-11-21 13:29:10,2,190,1,As,3,0
2024-11-21 13:29:17,1,170,1,As,3,0
2024-11-21 13:29:23,5,179,1,As,3,0
2024-11-21 13:29:30,4,165,1,As,3,0
2024-11-21 13:29:36,3,164,1,As,3,0
2024-11-21 13:29:42,2,189,1,As,3,0
2024-11-21 13:29:49,1,170,1,As,3,0
2024-11-21 13:29:55,5,180,1,As,3,0
2024-11-21 13:30:02,4,164,1,As,3,0
2024-11-21 13:30:08,3,164,1,As,3,0
2024-11-21 13:30:14,2,190,1,As,3,0
2024-11-21 13:30:21,1,170,1,As,3,0
2024-11-21 13:30:27,5,180,1,As,3,0
2024-11-21 13:30:34,4,164,1,As,3,0
2024-11-21 13:30:40,3,164,1,As,3,0
2024-11-21 13:30:47,2,190,1,As,3,0
2024-11-21 13:30:53,1,170,1,As,3,0
2024-11-21 13:30:59,5,180,1,As,3,0
2024-11-21 13:31:06,4,164,1,As,3,0
2024-11-21 13:31:12,3,164,1,As,3,0
2024-11-21 13:31:19,2,190,1,As,3,0
2024-11-21 13:31:25,1,170,1,As,3,0
2024-11-21 13:31:32,5,179,1,As,3,0
2024-11-21 13:31:38,4,165,1,As,3,0
2024-11-21 13:31:45,3,164,1,As,3,0
2024-11-21 13:31:51,2,190,1,As,3,0
2024-11-21 13:31:57,1,169,1,As,3,0
2024-11-21 13:32:04,5,180,1,As,3,0
2024-11-21 13:32:10,4,165,1,As,3,0
2024-11-21 13:32:17,3,164,1,As,3,0
2024-11-21 13:32:23,2,190,1,As,3,0
2024-11-21 13:32:30,1,170,1,As,3,0
2024-11-21 13:32:36,5,179,1,As,3,0
2024-11-21 13:32:42,4,164,1,As,3,0
2024-11-21 13:32:49,3,164,1,As,3,0
2024-11-21 13:32:55,2,190,1,As,3,0
2024-11-21 13:33:02,1,170,1,As,3,0
2024-11-21 13:33:08,5,179,1,As,3,0
2024-11-21 13:33:15,4,164,1,As,3,0
2024-11-21 13:33:21,3,164,1,As,3,0
2024-11-21 13:33:27,2,190,1,As,3,0
2024-11-21 13:33:34,1,170,1,As,3,0
2024-11-21 13:33:40,5,180,1,As,3,0
2024-11-21 13:33:47,4,164,1,As,3,0
2024-11-21 13:33:53,3,164,1,As,3,0
2024-11-21 13:33:59,2,190,1,As,3,0
2024-11-21 13:34:06,1,169,1,As,3,0
2024-11-21 13:34:12,5,179,1,As,3,0
2024-11-21 13:34:19,4,164,1,As,3,0
2024-11-21 13:34:25,3,164,1,As,3,0
2024-11-21 13:34:31,2,190,1,As,3,0
2024-11-21 13:34:38,1,169,1,As,3,0
2024-11-21 13:34:44,5,179,1,As,3,0
2024-11-21 13:34:51,4,164,1,As,3,0
2024-11-21 13:35:00,4,164,1,As,3,0
2024-11-21 13:35:09,4,165,1,As,3,0
2024-11-21 13:35:16,3,164,1,As,3,0
2024-11-21 13:35:22,2,190,1,As,3,0
2024-11-21 13:35:29,1,170,1,As,3,0
2024-11-21 13:35:35,5,178,1,As,3,0
2024-11-21 13:35:41,4,164,1,As,3,0
2024-11-21 13:35:48,3,164,1,As,3,0
2024-11-21 13:35:54,2,190,1,As,3,0
2024-11-21 13:36:01,1,169,1,As,3,0
2024-11-21 13:36:07,5,179,1,As,3,0
2024-11-21 13:36:14,4,164,1,As,3,0
2024-11-21 13:36:20,3,164,1,As,3,0
2024-11-21 13:36:26,2,190,1,As,3,0
2024-11-21 13:36:33,1,170,1,As,3,0
2024-11-21 13:36:39,5,179,1,As,3,0
2024-11-21 13:36:46,4,165,1,As,3,0
2024-11-21 13:36:52,3,164,1,As,3,0
2024-11-21 13:36:58,2,189,1,As,3,0
2024-11-21 13:37:05,1,170,1,As,3,0
2024-11-21 13:37:11,5,179,1,As,3,0
2024-11-21 13:37:18,4,165,1,As,3,0
2024-11-21 13:37:24,3,164,1,As,3,0
2024-11-21 13:37:30,2,190,1,As,3,0
2024-11-21 13:37:37,1,169,1,As,3,0
2024-11-21 13:37:43,5,180,1,As,3,0
2024-11-21 13:37:50,4,165,1,As,3,0
2024-11-21 13:37:56,3,164,1,As,3,0
2024-11-21 13:38:02,2,190,1,As,3,0
2024-11-21 13:38:09,1,169,1,As,3,0
2024-11-21 13:38:15,5,180,1,As,3,0
2024-11-21 13:38:22,4,165,1,As,3,0
2024-11-21 13:38:28,3,164,1,As,3,0
2024-11-21 13:38:34,2,189,1,As,3,0
2024-11-21 13:38:41,1,169,1,As,3,0
2024-11-21 13:38:47,5,180,1,As,3,0
2024-11-21 13:38:54,4,164,1,As,3,0
2024-11-21 13:39:58,4,164,1,As,3,0
2024-11-21 13:40:05,3,164,1,As,3,0
2024-11-21 13:40:11,2,189,1,As,3,0
2024-11-21 13:40:17,1,170,1,As,3,0
2024-11-21 13:40:24,5,179,1,As,3,0
2024-11-21 13:40:30,4,164,1,As,3,0
2024-11-21 13:40:37,3,164,1,As,3,0
2024-11-21 13:40:43,2,190,1,As,3,0
2024-11-21 13:40:50,1,170,1,As,3,0
2024-11-21 13:40:56,5,179,1,As,3,0
2024-11-21 13:41:02,4,164,1,As,3,0
2024-11-21 13:41:09,3,164,1,As,3,0
2024-11-21 13:41:15,2,190,1,As,3,0
2024-11-21 13:41:22,1,169,1,As,3,0
2024-11-21 13:41:28,5,180,1,As,3,0
2024-11-21 13:41:35,4,164,1,As,3,0
2024-11-21 13:41:41,3,164,1,As,3,0
2024-11-21 13:41:47,2,190,1,As,3,0
2024-11-21 13:41:54,1,170,1,As,3,0
2024-11-21 13:42:00,5,179,1,As,3,0
2024-11-21 13:42:07,4,165,1,As,3,0
2024-11-21 13:42:13,3,165,1,As,3,0
2024-11-21 13:42:19,2,190,1,As,3,0
2024-11-21 13:42:26,1,170,1,As,3,0
2024-11-21 13:42:32,5,179,1,As,3,0
2024-11-21 13:42:39,4,164,1,As,3,0
2024-11-21 13:42:45,3,164,1,As,3,0
2024-11-21 13:42:51,2,190,1,As,3,0
2024-11-21 13:42:58,1,170,1,As,3,0
2024-11-21 13:43:04,5,180,1,As,3,0
2024-11-21 13:43:11,4,164,1,As,3,0
2024-11-21 13:43:17,3,165,1,As,3,0
2024-11-21 13:43:23,2,190,1,As,3,0
2024-11-21 13:43:30,1,170,1,As,3,0
2024-11-21 13:43:36,5,179,1,As,3,0
2024-11-21 13:43:43,4,164,1,As,3,0
2024-11-21 13:43:49,3,164,1,As,3,0
2024-11-21 13:43:55,2,190,1,As,3,0
2024-11-21 13:44:02,1,170,1,As,3,0
2024-11-21 13:44:08,5,180,1,As,3,0
2024-11-21 13:44:15,4,164,1,As,3,0
2024-11-21 13:44:21,3,164,1,As,3,0
2024-11-21 13:44:28,2,190,1,As,3,0
2024-11-21 13:44:34,1,170,1,As,3,0
2024-11-21 13:44:40,5,179,1,As,3,0
2024-11-21 13:44:47,4,164,1,As,3,0
2024-11-21 13:44:53,3,164,1,As,3,0
2024-11-21 13:45:00,2,190,1,As,3,0
2024-11-21 13:45:06,1,170,1,As,3,0
2024-11-21 13:45:13,5,180,1,As,3,0
2024-11-21 13:45:19,4,164,1,As,3,0
2024-11-21 13:45:26,3,165,1,As,3,0
2024-11-21 13:45:32,2,190,1,As,3,0
2024-11-21 13:45:38,1,170,1,As,3,0
2024-11-21 13:45:45,4,164,1,As,3,0
2024-11-21 13:45:51,3,164,1,As,3,0
2024-11-21 13:45:57,2,190,1,As,3,0
2024-11-21 13:46:04,1,170,1,As,3,0
2024-11-21 13:46:10,5,180,1,As,3,0
2024-11-21 13:46:17,4,164,1,As,3,0
2024-11-21 13:46:26,4,164,1,As,3,0
2024-11-21 13:46:32,3,165,1,As,3,0
2024-11-21 13:46:38,2,190,1,As,3,0
2024-11-21 13:46:45,1,169,1,As,3,0
2024-11-21 13:46:51,5,181,1,As,3,0
2024-11-21 13:46:58,4,164,1,As,3,0
2024-11-21 13:47:04,2,183,1,As,3,0
2024-11-21 13:47:10,5,177,1,As,3,0
2024-11-21 13:47:16,1,167,1,As,3,0
2024-11-21 13:47:22,5,183,1,As,3,0
2024-11-21 13:48:44,2,168,1,As,3,0
2024-11-21 13:48:50,5,185,1,As,3,0
2024-11-21 13:48:59,5,183,1,As,3,0
2024-11-21 13:49:06,4,172,1,As,3,0
2024-11-21 13:49:14,3,172,1,As,3,0
2024-11-21 13:49:37,5,192,1,As,3,0
2024-11-21 13:49:43,3,164,1,As,3,0
2024-11-21 13:49:51,3,166,1,As,3,0
2024-11-21 13:50:00,3,176,1,As,3,0
2024-11-21 13:50:06,2,165,1,As,3,0
